name,tweets analyzed,total retweets,positive percentage,positive retweets,negative percentage,negative retweets,neutral tweets
Once Upon A Time In Hollywood,44,1985,27.272727272727273,1,6.818181818181818,0,65.9090909090909
Invisible Man,40,545,25.0,40,15.0,0,60.0
Iron Man,50,9248,24.0,40,20.0,7981,56.0
Jaws,41,37856,39.02439024390244,6527,17.073170731707318,4725,43.90243902439025
Back To the Future,41,23525,43.90243902439025,1120,26.829268292682926,879,29.26829268292683
