name,tweets analyzed,total retweets,positive percentage,positive retweets,negative percentage,negative retweets,neutral tweets
Once Upon A Time In Hollywood,45,6520,42.22222222222222,3934,8.88888888888889,14,48.888888888888886
Invisible Man,45,6520,42.22222222222222,3934,8.88888888888889,14,48.888888888888886
Iron Man,45,6520,42.22222222222222,3934,8.88888888888889,14,48.888888888888886
Jaws,45,6522,42.22222222222222,3934,8.88888888888889,14,48.888888888888886
Back To the Future,45,6522,42.22222222222222,3934,8.88888888888889,14,48.888888888888886
